Gate,Domain,Gate definition,Required evidence,Status,Evidence receipt,Owner,Release blocking
G01,Architecture,Independent hosted and self-hosted core,"Clean-install receipts for both profiles, no proprietary core dependency, Apache/dependency inventory",Not verified,,Architecture lead,Yes
G02,Data,Free-data usefulness and rights,Permitted use confirmation plus actual quota/coverage/freshness tests and free end-to-end actionable/abstention workflow,Not verified,,Data lead,Yes
G03,Integrations,Named brokerage and Yahoo/CIBC compatibility,Deployment-specific auth/field/reconnect/reconciliation/round-trip results for every required integration,Not verified,,Integrations lead,Yes
G04,Compliance,Canada and US commercial authority,Qualified product-specific jurisdiction/registration/exemption/privacy/marketing review and required approvals,Not verified,,Compliance lead,Yes
G05,Accounting,Journal reconciliation and numerical integrity,"Independent fixtures, property tests, source-overlap and cash/concurrency tests with exact revisions",Not verified,,Accounting lead,Yes
G06,Quant,All six strategy families and evidence policies,"Versioned implementations, predeclared family gates, no fabricated edge, qualified free and intraday paths",Not verified,,Quant lead,Yes
G07,Options,Qualified opt-in options capability,Contract/deliverable/payoff/assignment/collateral tests and qualified live-data path; free indicative restrictions,Not verified,,Options lead,Yes
G08,AI,API and permitted subscription routes,Provider-specific auth/use permission and measured structured/review performance per supported configuration,Not verified,,AI lead,Yes
G09,Decision safety,Proposal authority and risk controls,"No broker mutations, atomic cash/policy checks, expiry, scoped pauses and explicit resumption tests",Not verified,,Decision safety lead,Yes
G10,Improvement,All six improvement paths including recursion,"Positive/negative tests, independent assessment, V0→V1→next cycle, promotion/adoption/rollback receipts",Not verified,,Improvement lead,Yes
G11,Security,Tenant/agent/sandbox isolation and supply chain,"Cross-tenant, credential, SSRF, injection, sandbox, signing and archive adversarial results; unresolved criticals zero",Not verified,,Security lead,Yes
G12,Privacy,"Consent, export, deletion, migration and retention","Private learning isolation, safe round trip, licensed omissions, tombstone restore and backup-expiry demonstration",Not verified,,Privacy lead,Yes
G13,Simulation,Virtual execution and benchmark integrity,"Fill/cost/ambiguity/corporate-action tests, cash-flow matched baseline and separate actual/sim scorecards",Not verified,,Simulation lead,Yes
G14,Operations,Load latency budget and recovery,"Combined stated workload, P95 timings plus misses, per-source age, USD100/USD20 caps and measured RPO/RTO",Not verified,,Operations lead,Yes
G15,UX,Accessible truthful operational experience,"Keyboard/screen-reader workflows, visible scope/freshness/qualification, expiry-aware notifications and chat governance",Not verified,,UX lead,Yes
G16,Release,Full-scope release and claims review,"All mandatory gates, support/runbooks, notices, provider/legal renewal dates and independent final verifier signoff",Not verified,,Release lead,Yes
