requirement_id,decisions,tasks,acceptance_test,status
R001,Q1,"T059,T065",AT001,Specified only
R002,Q2,T053,AT002,Specified only
R003,Q3,"T004,T021,T064",AT003,Specified only
R004,Q4,"T004,T011,T022,T023",AT004,Specified only
R005,Q5,T062,AT005,Specified only
R006,Q6,"T009,T010,T057,T059,T060,T064",AT006,Specified only
R007,Q7,"T003,T059,T065",AT007,Specified only
R008,Q8,"T022,T030,T031,T064",AT008,Specified only
R009,Q9,"T022,T024,T030,T031",AT009,Specified only
R010,Q10,"T013,T019,T020,T028",AT010,Specified only
R011,Q11,"T002,T004,T021",AT011,Specified only
R012,Q12,"T014,T016,T017,T020,T026",AT012,Specified only
R013,Q13,"T009,T057,T060,T066",AT013,Specified only
R014,Q14,"T004,T021,T022,T024,T061",AT014,Specified only
R015,Q15,"T038,T039,T040",AT015,Specified only
R016,Q16,"T019,T053",AT016,Specified only
R017,Q17,"T011,T034,T035,T041,T054,T064",AT017,Specified only
R018,Q18,"T002,T006,T016,T037,T062,T064",AT018,Specified only
R019,Q19,"T036,T039,T040,T054",AT019,Specified only
R020,Q20,"T024,T026,T036,T054,T056,T063",AT020,Specified only
R021,Q21,"T002,T003,T021,T062,T065",AT021,Specified only
R022,Q22,"T009,T065",AT022,Specified only
R023,Q23,"T006,T039,T040",AT023,Specified only
R024,Q24,"T027,T032,T033,T036,T038",AT024,Specified only
R025,Q25,"T006,T037,T039",AT025,Specified only
R026,Q26,"T020,T026,T039",AT026,Specified only
R027,Q27,"T006,T025,T037,T061",AT027,Specified only
R028,Q28,"T043,T044,T045,T046,T047,T048,T049,T050,T055",AT028,Specified only
R029,Q29,"T032,T033,T043,T044,T046,T047,T048",AT029,Specified only
R030,Q30,"T044,T048,T049,T050,T051,T055",AT030,Specified only
R031,Q31,"T010,T043,T045,T052,T058",AT031,Specified only
R032,Q32,"T025,T037,T044,T061",AT032,Specified only
R033,Q33,"T007,T044,T045,T046,T047,T048,T049,T050,T055,T064",AT033,Specified only
R034,Q34,"T027,T047,T051,T055",AT034,Specified only
R035,Q35,"T037,T044,T061",AT035,Specified only
R036,Q36,"T007,T009,T057,T060,T066",AT036,Specified only
R037,Q37,"T007,T044,T050,T055,T064",AT037,Specified only
R038,Q38,"T007,T049,T050,T062",AT038,Specified only
R039,Q39,"T010,T045,T048,T049,T051,T052",AT039,Specified only
R040,Q40,"T032,T033,T043,T045,T046",AT040,Specified only
R041,Q41,"T065,T066",AT041,Specified only
R042,Q42,"T013,T014,T019,T042,T053",AT042,Specified only
R043,Q43,"T012,T013,T017,T018,T028,T034,T042,T053",AT043,Specified only
R044,Q44,"T019,T020,T034",AT044,Specified only
R045,Q45,"T023,T029,T036,T038",AT045,Specified only
R046,Q46,"T012,T014,T018",AT046,Specified only
R047,Q47,"T024,T025,T053,T056",AT047,Specified only
R048,Q48,"T002,T005,T014,T016",AT048,Specified only
R049,Q49,"T013,T017,T020,T026,T028,T041",AT049,Specified only
R050,Q50,"T011,T022,T031",AT050,Specified only
R051,Q51,"T051,T052,T057,T062,T066",AT051,Specified only
R052,Q52,"T036,T043,T052,T057,T058,T062,T063",AT052,Specified only
R053,Q53,"T002,T005,T015,T016,T064",AT053,Specified only
R054,Q54,"T022,T025,T060,T061",AT054,Specified only
R055,Q55,"T003,T059,T065",AT055,Specified only
R056,Q56,"T024,T040,T053,T054,T055,T066",AT056,Specified only
R057,Q57,"T002,T005,T015,T024",AT057,Specified only
R058,Q58,"T005,T012,T013,T014,T015,T017",AT058,Specified only
R059,Q59,"T023,T027,T028,T029,T030,T031,T032,T033,T035,T038,T047,T064",AT059,Specified only
R060,Q60,"T011,T020,T029,T030",AT060,Specified only
R061,Q61,"T019,T027",AT061,Specified only
R062,Q62,"T004,T028,T030,T033,T064",AT062,Specified only
R063,Q63,"T041,T054,T064",AT063,Specified only
R064,Q64,"T012,T018,T023,T041,T042,T054,T064",AT064,Specified only
R065,Q65,"T008,T027,T029,T030,T031,T032,T033,T035,T039,T042,T047,T054,T064",AT065,Specified only
R066,Q66,"T004,T011,T021,T022,T027,T031",AT066,Specified only
R067,Q67,"T022,T025,T026,T031,T040,T056,T061",AT067,Specified only
R068,Q68,"T018,T019,T020,T028,T034,T053",AT068,Specified only
R069,Q69,"T020,T026,T056,T063",AT069,Specified only
R070,Q70,"T001,T008,T009,T025",AT070,Specified only
R071,Q71,"T008,T011,T012,T017,T018,T023,T032,T036",AT071,Specified only
R072,Q72,"T027,T028,T029,T030,T031",AT072,Specified only
R073,Q73,"T002,T016,T021",AT073,Specified only
R074,Q74,"T006,T026,T037,T038,T039,T040",AT074,Specified only
R075,Q75,"T008,T010,T058,T059,T062",AT075,Specified only
R076,Q76,"T007,T049,T050,T051,T060,T062",AT076,Specified only
R077,Q77,"T025,T058,T060,T061,T063",AT077,Specified only
R078,Q78,"T001,T008,T064",AT078,Specified only
R079,Q79,"T001,T003,T065,T066",AT079,Specified only
R080,"Q70,Q71","T001,T008,T009,T011,T012,T017,T018,T023,T025,T032,T036",AT080,Specified only
R081,"Q58,Q71","T005,T008,T011,T012,T013,T014,T015,T017,T018,T023,T032,T036",AT081,Specified only
R082,"Q12,Q49,Q68","T013,T014,T016,T017,T018,T019,T020,T026,T028,T034,T041,T053",AT082,Specified only
R083,"Q12,Q66,Q67","T004,T011,T014,T016,T017,T020,T021,T022,T025,T026,T027,T031,T040,T056,T061",AT083,Specified only
R084,"Q24,Q29,Q40,Q65","T008,T027,T029,T030,T031,T032,T033,T035,T036,T038,T039,T042,T043,T044,T045,T046,T047,T048,T054,T064",AT084,Specified only
R085,"Q19,Q20,Q74","T006,T024,T026,T036,T037,T038,T039,T040,T054,T056,T063",AT085,Specified only
R086,"Q26,Q38,Q75","T007,T008,T010,T020,T026,T039,T049,T050,T058,T059,T062",AT086,Specified only
R087,"Q51,Q52,Q75","T008,T010,T036,T043,T051,T052,T057,T058,T059,T062,T063,T066",AT087,Specified only
R088,"Q70,Q77","T001,T008,T009,T025,T058,T060,T061,T063",AT088,Specified only
R089,Q17,"T011,T034,T035,T041,T054,T064",AT089,Specified only
R090,Q64,"T012,T018,T023,T041,T042,T054,T064",AT090,Specified only
R091,"Q50,Q66","T004,T011,T021,T022,T027,T031",AT091,Specified only
R092,"Q30,Q37,Q38,Q76","T007,T044,T048,T049,T050,T051,T055,T060,T062,T064",AT092,Specified only
R093,"Q47,Q56","T024,T025,T040,T053,T054,T055,T056,T066",AT093,Specified only
R094,"Q21,Q73,Q79","T001,T002,T003,T016,T021,T062,T065,T066",AT094,Specified only
R095,"Q18,Q21","T002,T003,T006,T016,T021,T037,T062,T064,T065",AT095,Specified only
R096,"Q13,Q36,Q51","T007,T009,T051,T052,T057,T060,T062,T066",AT096,Specified only
R097,"Q1,Q13","T009,T057,T059,T060,T065,T066",AT097,Specified only
R098,"Q63,Q64","T012,T018,T023,T041,T042,T054,T064",AT098,Specified only
R099,"Q30,Q34,Q65","T008,T027,T029,T030,T031,T032,T033,T035,T039,T042,T044,T047,T048,T049,T050,T051,T054,T055,T064",AT099,Specified only
